recipe_name,description,ingredients,instructions,image_url,video_url
Spicy Shakshuka with Feta,"A vibrant and hearty Middle Eastern and North African dish featuring eggs poached in a simmering, spicy tomato and pepper sauce, topped with crumbled feta cheese. Perfect for a substantial breakfast or brunch.","[""1 tbsp olive oil"", ""1 large onion, chopped"", ""2 cloves garlic, minced"", ""1 red bell pepper, diced"", ""1 green bell pepper, diced"", ""1 jalape\u00f1o, seeded and minced (optional)"", ""1 tsp ground cumin"", ""1 tsp smoked paprika"", ""1/4 tsp cayenne pepper (or to taste)"", ""1 (28 ounce) can crushed tomatoes"", ""1/2 cup water"", ""Salt and black pepper to taste"", ""6 large eggs"", ""1/4 cup crumbled feta cheese"", ""Fresh parsley or cilantro, chopped, for garnish"", ""Crusty bread, for serving""]","[""Heat olive oil in a large skillet or non-stick pan over medium heat."", ""Add chopped onion and cook until softened, about 5-7 minutes."", ""Stir in minced garlic, diced red and green bell peppers, and jalape\u00f1o (if using). Cook for another 5-7 minutes until peppers are slightly tender."", ""Add cumin, paprika, and cayenne pepper. Cook for 1 minute until fragrant."", ""Pour in the crushed tomatoes and water. Season with salt and black pepper. Bring the sauce to a gentle simmer."", ""Reduce heat to low, cover, and let simmer for 10-15 minutes, allowing the flavors to meld and the sauce to thicken slightly."", ""Create 6 small wells in the sauce. Carefully crack one egg into each well."", ""Cover the skillet again and cook for 8-12 minutes, or until the egg whites are set and the yolks are cooked to your desired consistency."", ""Remove from heat. Sprinkle with crumbled feta cheese and fresh parsley or cilantro."", ""Serve immediately with crusty bread for dipping.""]",https://placehold.co/600x400/E868A7/FFFFFF?text=Spicy+Shakshuka+with+Feta,https://www.youtube.com/results?search_query=how+to+make+Spicy+Shakshuka+with+Feta
Mediterranean Baked Cod,"A light and flavorful seafood dish featuring flaky cod baked with fresh herbs, cherry tomatoes, Kalamata olives, and a hint of lemon, inspired by the vibrant flavors of the Mediterranean coast.","[""4 cod fillets (about 6 oz each)"", ""1 pint cherry tomatoes, halved"", ""1/2 cup Kalamata olives, pitted and halved"", ""1/4 cup fresh parsley, chopped"", ""2 tablespoons fresh oregano, chopped (or 1 tsp dried)"", ""3 cloves garlic, minced"", ""2 tablespoons olive oil"", ""1 lemon, thinly sliced"", ""Salt to taste"", ""Black pepper to taste""]","[""Preheat oven to 400\b0F (200\b0C)."", ""In a large bowl, combine the halved cherry tomatoes, halved Kalamata olives, chopped parsley, chopped oregano, minced garlic, and olive oil. Season with salt and pepper and toss to combine."", ""Arrange the cod fillets in a single layer in a baking dish. Season the cod fillets lightly with salt and pepper."", ""Spoon the tomato and olive mixture evenly over and around the cod fillets."", ""Place lemon slices on top of each cod fillet."", ""Bake for 12-18 minutes, or until the cod is opaque and flakes easily with a fork. Cooking time will vary depending on the thickness of the fillets."", ""Serve immediately, perhaps with a side of couscous or a simple green salad.""]",https://placehold.co/600x400/E868A7/FFFFFF?text=Mediterranean+Baked+Cod,https://www.youtube.com/results?search_query=how+to+make+Mediterranean+Baked+Cod
Mediterranean Baked Cod with Cherry Tomatoes and Olives,"A light, flavorful, and healthy seafood dish inspired by the sun-drenched coasts of the Mediterranean. Cod is baked with sweet cherry tomatoes, briny Kalamata olives, fresh herbs, and a hint of lemon.","[""4 (6 oz) cod fillets"", ""1 pint cherry tomatoes, halved"", ""1/2 cup Kalamata olives, pitted and halved"", ""1/4 cup fresh parsley, chopped"", ""2 cloves garlic, minced"", ""2 tablespoons olive oil"", ""1 lemon, thinly sliced"", ""1/2 teaspoon dried oregano"", ""Salt to taste"", ""Black pepper to taste""]","[""Preheat oven to 400\u00b0F (200\u00b0C)."", ""In a large baking dish, combine the halved cherry tomatoes, Kalamata olives, minced garlic, chopped parsley, olive oil, and dried oregano. Season with salt and pepper. Toss gently to combine."", ""Nestle the cod fillets among the vegetable mixture. Place a few lemon slices on top of each cod fillet."", ""Bake for 12-15 minutes, or until the cod is opaque and flakes easily with a fork."", ""Serve immediately, spooning the tomato and olive mixture over the fish. Garnish with additional fresh parsley if desired.""]",https://placehold.co/600x400/E868A7/FFFFFF?text=Mediterranean+Baked+Cod+with+Cherry+Tomatoes+and+Olives,https://www.youtube.com/results?search_query=how+to+make+Mediterranean+Baked+Cod+with+Cherry+Tomatoes+and+Olives
Mediterranean Baked Cod with Cherry Tomatoes and Olives,"A light, flavorful, and healthy seafood dish inspired by the sun-drenched coasts of the Mediterranean. It features flaky cod baked with sweet cherry tomatoes, briny Kalamata olives, aromatic herbs, and a hint of lemon.","[""4 cod fillets (6 oz each)"", ""1 pint cherry tomatoes, halved"", ""1/2 cup Kalamata olives, pitted and halved"", ""1 red onion, thinly sliced"", ""2 cloves garlic, minced"", ""1/4 cup fresh parsley, chopped"", ""2 tablespoons fresh oregano, chopped (or 2 teaspoons dried)"", ""3 tablespoons olive oil"", ""Juice of 1 lemon"", ""Salt to taste"", ""Black pepper to taste"", ""Optional: Feta cheese for garnish""]","[""Preheat oven to 400\u00b0F (200\u00b0C). Lightly grease a large baking dish."", ""In a large bowl, combine halved cherry tomatoes, pitted Kalamata olives, thinly sliced red onion, minced garlic, chopped parsley, and chopped oregano. Drizzle with 2 tablespoons of olive oil, lemon juice, salt, and pepper. Toss gently to combine."", ""Place the cod fillets in the prepared baking dish. Season the cod with a pinch of salt and pepper."", ""Spoon the tomato-olive mixture around and over the cod fillets."", ""Bake for 12-15 minutes, or until the cod is opaque and flakes easily with a fork. Cooking time may vary depending on the thickness of the fillets."", ""Remove from oven. Garnish with additional fresh parsley or a sprinkle of crumbled feta cheese, if desired."", ""Serve immediately with a side of quinoa, couscous, or crusty bread to soak up the delicious juices.""]",https://placehold.co/600x400/E868A7/FFFFFF?text=Mediterranean+Baked+Cod+with+Cherry+Tomatoes+and+Olives,https://www.youtube.com/results?search_query=how+to+make+Mediterranean+Baked+Cod+with+Cherry+Tomatoes+and+Olives
Mediterranean Baked Cod with Cherry Tomatoes and Olives,"A light, flavorful, and healthy seafood dish inspired by the vibrant flavors of the Mediterranean, featuring tender cod baked with sweet cherry tomatoes, briny olives, and fragrant herbs.","[""2 cod fillets (about 6 oz each)"", ""1 pint cherry tomatoes, halved"", ""1/2 cup Kalamata olives, pitted and halved"", ""1/4 cup fresh parsley, chopped"", ""2 cloves garlic, minced"", ""2 tablespoons olive oil"", ""1 tablespoon fresh lemon juice"", ""1 teaspoon dried oregano"", ""Salt to taste"", ""Black pepper to taste"", ""Lemon wedges for serving""]","[""Preheat oven to 400\u00b0F (200\u00b0C)."", ""In a medium bowl, combine halved cherry tomatoes, halved Kalamata olives, minced garlic, chopped parsley, dried oregano, 1 tablespoon olive oil, and lemon juice. Season with salt and pepper and mix well."", ""Place cod fillets in a baking dish. Drizzle the remaining 1 tablespoon of olive oil over the fish."", ""Spoon the tomato and olive mixture evenly over and around the cod fillets."", ""Bake for 12-15 minutes, or until the cod is opaque and flakes easily with a fork."", ""Garnish with fresh parsley if desired and serve immediately with lemon wedges.""]",https://placehold.co/600x400/E868A7/FFFFFF?text=Mediterranean+Baked+Cod+with+Cherry+Tomatoes+and+Olives,https://www.youtube.com/results?search_query=how+to+make+Mediterranean+Baked+Cod+with+Cherry+Tomatoes+and+Olives
Speedy Lemon Garlic Butter Pasta with Spinach,"A quick and flavorful weeknight pasta dish featuring tender pasta coated in a bright lemon-garlic butter sauce, wilted spinach, and a sprinkle of Parmesan. It's on the table in under 20 minutes!","[""8 oz (about 225g) spaghetti or linguine"", ""4 tbsp unsalted butter"", ""3 cloves garlic, minced"", ""1/2 tsp red pepper flakes (optional)"", ""Juice of 1 lemon (about 2-3 tbsp)"", ""1/4 cup reserved pasta water"", ""2 cups fresh spinach"", ""1/4 cup grated Parmesan cheese, plus more for serving"", ""Salt and black pepper to taste""]","[""Cook pasta according to package directions in salted water. Before draining, reserve about 1/2 cup of the pasta water."", ""While pasta cooks, melt butter in a large skillet over medium heat. Add minced garlic and red pepper flakes (if using) and saut\u00e9 for 1-2 minutes until fragrant, being careful not to burn the garlic."", ""Add lemon juice and 1/4 cup of the reserved pasta water to the skillet, stirring to combine and create a light sauce."", ""Add fresh spinach to the skillet and cook, stirring, until it wilts, about 1-2 minutes."", ""Drain the cooked pasta and add it directly to the skillet with the sauce and spinach. Add the grated Parmesan cheese."", ""Toss everything together until the pasta is well coated and the cheese has melted into the sauce. Add more reserved pasta water if needed to reach desired consistency."", ""Season with salt and black pepper to taste. Serve immediately, topped with extra Parmesan cheese if desired.""]",https://placehold.co/600x400/E868A7/FFFFFF?text=Speedy+Lemon+Garlic+Butter+Pasta+with+Spinach,https://www.youtube.com/results?search_query=how+to+make+Speedy+Lemon+Garlic+Butter+Pasta+with+Spinach
Quick Chana Masala,"A hearty and flavorful Indian chickpea curry, perfect for a quick and satisfying vegetarian meal. It's rich in spices and goes well with rice or naan.","[""1 tbsp vegetable oil"", ""1 large onion, finely chopped"", ""2 cloves garlic, minced"", ""1 inch ginger, grated"", ""1 tsp cumin seeds"", ""1 tsp coriander powder"", ""1/2 tsp turmeric powder"", ""1/2 tsp red chili powder (or to taste)"", ""1/2 tsp garam masala"", ""1 can (14.5 oz) diced tomatoes, undrained"", ""2 cans (15 oz each) chickpeas, drained and rinsed"", ""1/2 cup water (or vegetable broth)"", ""Salt to taste"", ""Fresh cilantro, chopped (for garnish)"", ""Lemon wedge (for serving, optional)""]","[""Heat oil in a large pot or deep skillet over medium heat. Add cumin seeds and let them sizzle for 30 seconds until fragrant."", ""Add chopped onion and cook until softened and translucent, about 5-7 minutes."", ""Stir in minced garlic and grated ginger, and cook for another minute until aromatic."", ""Add coriander powder, turmeric powder, red chili powder, and garam masala. Cook for 1 minute, stirring constantly, allowing the spices to toast."", ""Pour in the can of diced tomatoes (with their juice) and bring to a simmer. Cook for 5-7 minutes, stirring occasionally, until the sauce thickens slightly and the oil begins to separate."", ""Add the drained and rinsed chickpeas and 1/2 cup water (or broth). Stir well to combine."", ""Bring the curry to a gentle simmer, then reduce heat to low, cover, and cook for 10-15 minutes, allowing the flavors to meld. Stir occasionally."", ""Season with salt to taste. If the curry is too thick, add a little more water."", ""Garnish with fresh chopped cilantro and serve hot with rice, naan bread, or roti. A squeeze of fresh lemon juice before serving adds a nice zing.""]",https://placehold.co/600x400/E868A7/FFFFFF?text=Quick+Chana+Masala,https://www.youtube.com/results?search_query=how+to+make+Quick+Chana+Masala
Mediterranean Baked Cod with Cherry Tomatoes and Olives,"A light and flavorful seafood dish featuring flaky cod baked with vibrant cherry tomatoes, briny Kalamata olives, aromatic herbs, and a hint of lemon. Perfect for a healthy Mediterranean-inspired weeknight dinner.","[""4 cod fillets (about 6 oz each)"", ""1 pint cherry tomatoes, halved"", ""1/2 cup Kalamata olives, pitted and halved"", ""1/4 cup fresh parsley, chopped"", ""2 cloves garlic, minced"", ""2 tablespoons olive oil"", ""1 lemon, thinly sliced"", ""1 teaspoon dried oregano"", ""1/2 teaspoon red pepper flakes (optional)"", ""Salt and freshly ground black pepper to taste""]","[""Preheat oven to 400\u00b0F (200\u00b0C)."", ""In a large baking dish or rimmed sheet pan, combine the halved cherry tomatoes, halved Kalamata olives, minced garlic, chopped parsley, dried oregano, red pepper flakes (if using), olive oil, salt, and pepper. Toss gently to combine."", ""Place the cod fillets on top of the tomato and olive mixture. Arrange lemon slices over the fish."", ""Bake for 12-15 minutes, or until the cod is opaque and flakes easily with a fork. Cooking time may vary depending on the thickness of the fillets."", ""Serve immediately, spooning the tomato and olive mixture over the fish. Garnish with extra fresh parsley if desired.""]",https://placehold.co/600x400/E868A7/FFFFFF?text=Mediterranean+Baked+Cod+with+Cherry+Tomatoes+and+Olives,https://www.youtube.com/results?search_query=how+to+make+Mediterranean+Baked+Cod+with+Cherry+Tomatoes+and+Olives
Mediterranean Lemon Herb Baked Cod,"A simple, healthy, and flavorful seafood dish inspired by the fresh ingredients of the Mediterranean, perfect for a weeknight meal.","[""2 cod fillets (about 6 oz each)"", ""1 tablespoon olive oil"", ""1 lemon, thinly sliced"", ""2 cloves garlic, minced"", ""1/4 cup fresh parsley, chopped"", ""1/4 cup fresh dill, chopped"", ""1/2 teaspoon dried oregano"", ""Salt to taste"", ""Black pepper to taste"", ""Cherry tomatoes, halved (optional, for garnish)""]","[""Preheat oven to 400\u00b0F (200\u00b0C)."", ""Lightly grease a baking dish or line with parchment paper."", ""Pat the cod fillets dry with a paper towel. Season both sides with salt and pepper."", ""Place the cod fillets in the prepared baking dish."", ""In a small bowl, combine olive oil, minced garlic, chopped parsley, chopped dill, and dried oregano. Stir well."", ""Spoon the herb mixture evenly over the cod fillets."", ""Arrange lemon slices over and around the fish."", ""Bake for 12-15 minutes, or until the cod is opaque and flakes easily with a fork. Cooking time may vary depending on the thickness of the fillets."", ""Garnish with fresh cherry tomatoes if desired before serving."", ""Serve immediately with a side of your favorite Mediterranean-inspired vegetables or rice.""]",https://placehold.co/600x400/E868A7/FFFFFF?text=Mediterranean+Lemon+Herb+Baked+Cod,https://www.youtube.com/results?search_query=how+to+make+Mediterranean+Lemon+Herb+Baked+Cod
Mediterranean Baked Cod with Cherry Tomatoes and Olives,"A light, flavorful, and easy-to-prepare seafood dish inspired by the fresh ingredients of the Mediterranean coast. Perfect for a weeknight meal or a casual gathering.","[""1.5 lbs cod fillets (or other firm white fish)"", ""1 pint cherry tomatoes, halved"", ""0.5 cup Kalamata olives, pitted and halved"", ""0.25 cup fresh parsley, chopped"", ""0.25 cup fresh dill, chopped"", ""3 cloves garlic, minced"", ""0.25 cup extra virgin olive oil"", ""Juice of 1 lemon"", ""1 tsp dried oregano"", ""Salt to taste"", ""Black pepper to taste"", ""Lemon wedges for serving""]","[""Preheat oven to 400\u00b0F (200\u00b0C)."", ""In a large bowl, combine the halved cherry tomatoes, Kalamata olives, chopped parsley, chopped dill, minced garlic, dried oregano, lemon juice, 2 tablespoons of olive oil, salt, and pepper. Toss gently to combine."", ""Arrange the cod fillets in a single layer in a baking dish. Drizzle the remaining 2 tablespoons of olive oil over the fish and season lightly with salt and pepper."", ""Spoon the tomato-olive mixture evenly over and around the cod fillets."", ""Bake for 12-18 minutes, or until the fish is opaque and flakes easily with a fork. Cooking time will vary depending on the thickness of the fish."", ""Remove from oven and let rest for a few minutes."", ""Serve immediately with fresh lemon wedges.""]",https://placehold.co/600x400/E868A7/FFFFFF?text=Mediterranean+Baked+Cod+with+Cherry+Tomatoes+and+Olives,https://www.youtube.com/results?search_query=how+to+make+Mediterranean+Baked+Cod+with+Cherry+Tomatoes+and+Olives
Mediterranean Lemon-Herb Grilled Salmon with Quinoa,"A vibrant and healthy Mediterranean-inspired dish featuring flaky grilled salmon topped with a zesty fresh herb salsa, served alongside light and fluffy quinoa.","[""2 salmon fillets (6 oz each), skin on or off"", ""1 tbsp olive oil"", ""1/2 tsp salt"", ""1/4 tsp black pepper"", ""For the Lemon-Herb Salsa:"", ""1/4 cup fresh parsley, finely chopped"", ""2 tbsp fresh mint, finely chopped"", ""1 tbsp fresh dill, finely chopped"", ""1 clove garlic, minced"", ""Zest of 1 lemon"", ""2 tbsp fresh lemon juice"", ""2 tbsp extra virgin olive oil"", ""Pinch of red pepper flakes (optional)"", ""For the Quinoa:"", ""1 cup quinoa, rinsed"", ""2 cups vegetable broth or water"", ""1/4 tsp salt"", ""Cherry tomatoes and cucumber slices for serving (optional)""]","[""Prepare the quinoa: In a medium saucepan, combine rinsed quinoa, vegetable broth (or water), and salt. Bring to a boil, then reduce heat to low, cover, and simmer for 15 minutes, or until all liquid is absorbed. Remove from heat and let stand, covered, for 5 minutes, then fluff with a fork."", ""Prepare the salmon: Pat salmon fillets dry with paper towels. Rub with 1 tablespoon olive oil, salt, and pepper."", ""Preheat a grill or grill pan to medium-high heat. Place salmon fillets skin-side down (if applicable) and grill for 4-6 minutes per side, or until cooked through and flakes easily with a fork. Cooking time will vary based on thickness."", ""While salmon is grilling, prepare the lemon-herb salsa: In a small bowl, combine chopped parsley, mint, dill, minced garlic, lemon zest, lemon juice, 2 tablespoons extra virgin olive oil, and red pepper flakes (if using). Stir well to combine."", ""To serve, place a generous portion of quinoa on each plate. Top with the grilled salmon fillet. Spoon the fresh lemon-herb salsa generously over the salmon. Garnish with cherry tomatoes and cucumber slices if desired.""]",https://placehold.co/600x400/E868A7/FFFFFF?text=Mediterranean+Lemon-Herb+Grilled+Salmon+with+Quinoa,https://www.youtube.com/results?search_query=how+to+make+Mediterranean+Lemon-Herb+Grilled+Salmon+with+Quinoa
Mediterranean Lemon Herb Baked Cod,"A light, healthy, and flavorful cod dish baked with fresh herbs, cherry tomatoes, Kalamata olives, and a zesty lemon dressing, perfect for a quick weeknight meal or a casual dinner party.","[""2 cod fillets (about 6 oz each)"", ""1 pint cherry tomatoes, halved"", ""1/2 cup Kalamata olives, pitted and halved"", ""1/4 cup fresh parsley, chopped"", ""2 cloves garlic, minced"", ""1 lemon, thinly sliced, plus 2 tbsp juice"", ""2 tbsp extra virgin olive oil"", ""1 tsp dried oregano"", ""Salt to taste"", ""Black pepper to taste""]","[""Preheat oven to 400\u00b0F (200\u00b0C)."", ""In a small bowl, whisk together olive oil, lemon juice, minced garlic, dried oregano, salt, and pepper."", ""Place cod fillets in a baking dish."", ""Arrange halved cherry tomatoes, halved Kalamata olives, and lemon slices around and over the cod."", ""Pour the olive oil and lemon mixture over the cod and vegetables."", ""Sprinkle with fresh parsley."", ""Bake for 12-15 minutes, or until the cod is opaque and flakes easily with a fork."", ""Serve immediately, garnished with extra fresh parsley if desired.""]",https://placehold.co/600x400/E868A7/FFFFFF?text=Mediterranean+Lemon+Herb+Baked+Cod,https://www.youtube.com/results?search_query=how+to+make+Mediterranean+Lemon+Herb+Baked+Cod
Mediterranean Baked Cod with Cherry Tomatoes and Olives,"A light and flavorful Mediterranean-inspired dish featuring flaky cod baked with sweet cherry tomatoes, briny olives, fresh herbs, and a hint of lemon. Perfect for a healthy weeknight meal.","[""4 cod fillets (about 6 oz each)"", ""1 pint cherry tomatoes, halved"", ""1/2 cup Kalamata olives, pitted and halved"", ""2 cloves garlic, minced"", ""1/4 cup fresh parsley, chopped"", ""2 tablespoons fresh oregano, chopped (or 1 teaspoon dried)"", ""2 tablespoons olive oil"", ""1 lemon, thinly sliced"", ""Salt to taste"", ""Black pepper to taste""]","[""Preheat your oven to 400\u00b0F (200\u00b0C)."", ""In a large baking dish, combine the halved cherry tomatoes, pitted Kalamata olives, minced garlic, chopped parsley, and chopped oregano."", ""Drizzle with 1 tablespoon of olive oil and season with salt and pepper. Toss gently to combine."", ""Arrange the cod fillets over the vegetable mixture in the baking dish. Drizzle the remaining 1 tablespoon of olive oil over the fish and season with a pinch more salt and pepper."", ""Place lemon slices over each cod fillet."", ""Bake for 12-15 minutes, or until the cod is opaque and flakes easily with a fork."", ""Serve immediately, spooning some of the cooked tomato and olive mixture over the fish.""]",https://placehold.co/600x400/E868A7/FFFFFF?text=Mediterranean+Baked+Cod+with+Cherry+Tomatoes+and+Olives,https://www.youtube.com/results?search_query=how+to+make+Mediterranean+Baked+Cod+with+Cherry+Tomatoes+and+Olives
Lemon Garlic Ricotta Pasta,"A quick and creamy weeknight pasta dish bursting with fresh lemon, garlic, and smooth ricotta, finished with a hint of chili for warmth.","[""12 oz spaghetti or linguine"", ""1 cup fresh ricotta cheese"", ""1/4 cup reserved pasta water"", ""3 cloves garlic, minced"", ""1/2 cup grated Parmesan cheese, plus more for serving"", ""Zest of 1 large lemon"", ""2 tbsp fresh lemon juice"", ""1/4 cup fresh parsley, chopped"", ""1/2 tsp red pepper flakes (optional)"", ""2 tbsp olive oil"", ""Salt and black pepper to taste""]","[""Cook pasta according to package directions until al dente. Before draining, reserve 1/4 cup of the starchy pasta water."", ""While pasta cooks, in a large bowl, whisk together the ricotta cheese, reserved pasta water, minced garlic, lemon zest, and lemon juice until smooth."", ""Drain the pasta and add it directly to the bowl with the ricotta mixture. Add the grated Parmesan cheese, chopped parsley, and red pepper flakes (if using)."", ""Drizzle with olive oil. Toss well to combine, ensuring the pasta is evenly coated with the creamy sauce. If the sauce is too thick, add a little more pasta water, one tablespoon at a time, until desired consistency is reached."", ""Season with salt and black pepper to taste. Serve immediately, garnished with extra Parmesan and a sprinkle of fresh parsley.""]",https://placehold.co/600x400/E868A7/FFFFFF?text=Lemon+Garlic+Ricotta+Pasta,https://www.youtube.com/results?search_query=how+to+make+Lemon+Garlic+Ricotta+Pasta
Mediterranean Baked Cod with Cherry Tomatoes and Olives,"A light, flavorful, and healthy seafood dish featuring flaky cod baked with sun-ripened cherry tomatoes, briny Kalamata olives, aromatic garlic, and fresh herbs, all drizzled with olive oil. It's a taste of the Mediterranean that's perfect for a weeknight meal or entertaining.","[""4 cod fillets (approx. 6 oz each), fresh or thawed"", ""1 pint cherry tomatoes, halved"", ""1/2 cup Kalamata olives, pitted and halved"", ""4 cloves garlic, thinly sliced"", ""1/4 cup fresh parsley, chopped"", ""2 tablespoons fresh oregano, chopped (or 1 tsp dried)"", ""3 tablespoons extra virgin olive oil"", ""1 lemon, thinly sliced"", ""Salt to taste"", ""Black pepper to taste"", ""Optional: Pinch of red pepper flakes""]","[""Preheat oven to 400\u00b0F (200\u00b0C)."", ""In a large mixing bowl, combine the halved cherry tomatoes, pitted olives, sliced garlic, chopped parsley, and chopped oregano. Drizzle with 2 tablespoons of olive oil and toss gently to combine. Season with a pinch of salt and pepper."", ""Arrange the cod fillets in a single layer in a baking dish. Season both sides of the cod with salt and pepper."", ""Spoon the tomato and olive mixture evenly over and around the cod fillets."", ""Place lemon slices on top of the cod fillets."", ""Drizzle the remaining 1 tablespoon of olive oil over everything."", ""Bake for 12-15 minutes, or until the cod is opaque and flakes easily with a fork. Cooking time may vary depending on the thickness of the fillets."", ""Garnish with extra fresh parsley if desired before serving. Serve immediately, perhaps with a side of quinoa or crusty bread.""]",https://placehold.co/600x400/E868A7/FFFFFF?text=Mediterranean+Baked+Cod+with+Cherry+Tomatoes+and+Olives,https://www.youtube.com/results?search_query=how+to+make+Mediterranean+Baked+Cod+with+Cherry+Tomatoes+and+Olives
Lemon Garlic Butter Pasta with Spinach,"A quick, flavorful, and incredibly simple pasta dish perfect for a busy weeknight. It's light yet satisfying, with bright lemon and savory garlic notes.","[""12 oz spaghetti or linguine"", ""4 tablespoons unsalted butter"", ""4 cloves garlic, minced"", ""1/2 cup dry white wine or vegetable broth"", ""Juice of 1 large lemon"", ""1/4 cup reserved pasta water"", ""4 cups fresh spinach"", ""1/2 cup grated Parmesan cheese (plus more for serving)"", ""Salt and freshly ground black pepper to taste"", ""Red pepper flakes (optional, for a hint of heat)"", ""Fresh parsley, chopped (for garnish)""]","[""Bring a large pot of salted water to a rolling boil. Add the pasta and cook according to package directions until al dente."", ""While the pasta cooks, melt the butter in a large skillet or pot over medium heat. Add the minced garlic and cook for 1 minute until fragrant, being careful not to burn it."", ""Pour in the white wine or vegetable broth and bring to a simmer, scraping up any browned bits from the bottom of the pan. Let it simmer for 2-3 minutes to reduce slightly."", ""Add the lemon juice and about 1/4 cup of the reserved pasta water to the skillet. Stir well."", ""Once the pasta is cooked, drain it, reserving at least 1 cup of pasta water. Add the drained pasta directly to the skillet with the sauce."", ""Add the fresh spinach to the skillet. Toss everything together, allowing the spinach to wilt from the heat of the pasta and sauce."", ""Stir in the Parmesan cheese. Toss continuously until the sauce coats the pasta beautifully. If the sauce seems too dry, add a splash more reserved pasta water, one tablespoon at a time, until desired consistency is reached."", ""Season with salt, black pepper, and optional red pepper flakes to taste. Garnish with fresh parsley and serve immediately with extra Parmesan cheese on the side.""]",https://placehold.co/600x400/E868A7/FFFFFF?text=Lemon+Garlic+Butter+Pasta+with+Spinach,https://www.youtube.com/results?search_query=how+to+make+Lemon+Garlic+Butter+Pasta+with+Spinach
Speedy Sun-Dried Tomato & Spinach Pasta,"A quick and delicious weeknight pasta dish featuring the rich flavors of sun-dried tomatoes, fresh spinach, and creamy feta cheese, perfect for a busy evening.","[""8 oz pasta (penne or fusilli recommended)"", ""1 tbsp olive oil"", ""2 cloves garlic minced"", ""1/2 cup sun-dried tomatoes packed in oil drained and sliced"", ""4 cups fresh spinach"", ""1/4 cup reserved pasta water"", ""1/2 cup crumbled feta cheese"", ""Salt and black pepper to taste"", ""Red pepper flakes optional for a kick""]","[""Cook pasta according to package directions. Before draining, reserve 1/4 cup of the pasta water. Drain pasta and set aside."", ""While pasta cooks, heat olive oil in a large skillet or pan over medium heat. Add minced garlic and cook for 1 minute until fragrant, being careful not to burn."", ""Stir in the sliced sun-dried tomatoes and cook for another 2-3 minutes, allowing their flavors to release."", ""Add the fresh spinach to the skillet. Cook stirring frequently until the spinach wilts down, about 2-3 minutes."", ""Add the cooked pasta to the skillet. Pour in the reserved pasta water and toss everything together to combine, ensuring the pasta is well coated."", ""Remove from heat and stir in the crumbled feta cheese. Toss gently until the feta is slightly melted and creamy."", ""Season with salt and black pepper to taste. If desired, sprinkle with red pepper flakes for a little heat. Serve immediately.""]",https://placehold.co/600x400/E868A7/FFFFFF?text=Speedy+Sun-Dried+Tomato+%26+Spinach+Pasta,https://www.youtube.com/results?search_query=how+to+make+Speedy+Sun-Dried+Tomato+%26+Spinach+Pasta
Mediterranean Baked Cod with Cherry Tomatoes and Olives,"A light and flavorful baked cod dish featuring fresh cherry tomatoes, briny olives, capers, and aromatic herbs, all baked to perfection in a vibrant Mediterranean sauce.","[""4 cod fillets (6 oz each)"", ""1 pint cherry tomatoes, halved"", ""1/2 cup Kalamata olives, pitted and halved"", ""2 tablespoons capers, drained"", ""3 cloves garlic, minced"", ""1/4 cup fresh parsley, chopped"", ""2 tablespoons fresh oregano, chopped (or 1 tsp dried)"", ""1/4 cup olive oil"", ""1/2 lemon, thinly sliced"", ""Salt to taste"", ""Black pepper to taste""]","[""Preheat oven to 400\u00b0F (200\u00b0C)."", ""In a large mixing bowl, combine the halved cherry tomatoes, pitted olives, capers, minced garlic, chopped parsley, chopped oregano, and olive oil. Season with salt and pepper and toss gently to combine."", ""Place the cod fillets in a single layer in a baking dish. Season the cod lightly with salt and pepper."", ""Spoon the tomato-olive mixture evenly over and around the cod fillets. Place a few lemon slices on top of each fillet."", ""Bake for 12-15 minutes, or until the cod is opaque and flakes easily with a fork. Cooking time may vary depending on the thickness of the fillets."", ""Garnish with extra fresh parsley if desired. Serve immediately with a side of crusty bread or quinoa.""]",https://placehold.co/600x400/E868A7/FFFFFF?text=Mediterranean+Baked+Cod+with+Cherry+Tomatoes+and+Olives,https://www.youtube.com/results?search_query=how+to+make+Mediterranean+Baked+Cod+with+Cherry+Tomatoes+and+Olives
Mediterranean Baked Cod,"A light and flavorful seafood dish featuring flaky cod baked with cherry tomatoes, Kalamata olives, fresh herbs, and olive oil, capturing the essence of Mediterranean flavors.","[""2 cod fillets (about 6 oz each)"", ""1 pint cherry tomatoes, halved"", ""1/2 cup Kalamata olives, pitted and halved"", ""1/4 cup fresh parsley, chopped"", ""2 cloves garlic, minced"", ""2 tbsp extra virgin olive oil"", ""1 tbsp lemon juice"", ""1/2 tsp dried oregano"", ""Salt to taste"", ""Black pepper to taste"", ""Optional: fresh basil leaves for garnish""]","[""Preheat oven to 400\u00b0F (200\u00b0C)."", ""In a mixing bowl, combine halved cherry tomatoes, Kalamata olives, minced garlic, chopped parsley, dried oregano, 1 tablespoon of olive oil, lemon juice, salt, and pepper. Toss gently to combine."", ""Place the cod fillets in a baking dish. Season both sides of the fish with a pinch of salt and pepper."", ""Spoon the tomato-olive mixture over and around the cod fillets in the baking dish."", ""Drizzle the remaining 1 tablespoon of olive oil over the fish and vegetables."", ""Bake for 12-15 minutes, or until the cod is opaque and flakes easily with a fork."", ""Garnish with fresh basil, if desired, and serve immediately with a side of couscous or crusty bread.""]",https://placehold.co/600x400/E868A7/FFFFFF?text=Mediterranean+Baked+Cod,https://www.youtube.com/results?search_query=how+to+make+Mediterranean+Baked+Cod
Mediterranean Baked Cod with Cherry Tomatoes and Olives,"A light, flavorful, and easy-to-prepare cod dish inspired by the vibrant flavors of the Mediterranean, featuring flaky cod baked with juicy cherry tomatoes, briny Kalamata olives, fresh lemon, and aromatic herbs.","[""4 (6 oz) cod fillets"", ""1 pint cherry tomatoes, halved"", ""1/2 cup Kalamata olives, pitted and halved"", ""2 cloves garlic, minced"", ""1/4 cup fresh parsley, chopped"", ""2 tablespoons fresh dill, chopped (optional)"", ""1 lemon, thinly sliced, plus 2 tablespoons fresh lemon juice"", ""3 tablespoons extra virgin olive oil"", ""1 teaspoon dried oregano"", ""1/2 teaspoon salt"", ""1/4 teaspoon black pepper""]","[""Preheat your oven to 400\u00b0F (200\u00b0C)."", ""In a large baking dish or rimmed baking sheet, arrange the cod fillets in a single layer."", ""Scatter the halved cherry tomatoes and Kalamata olives around the cod."", ""In a small bowl, whisk together the olive oil, lemon juice, minced garlic, dried oregano, salt, and black pepper."", ""Pour the olive oil mixture evenly over the cod, tomatoes, and olives."", ""Top each cod fillet with a few lemon slices."", ""Bake for 12-18 minutes, or until the cod is opaque and flakes easily with a fork. Cooking time may vary depending on the thickness of your fillets."", ""Remove from oven, sprinkle with fresh chopped parsley and dill (if using) before serving."", ""Serve immediately with a side of quinoa, rice, or a fresh green salad.""]",https://placehold.co/600x400/E868A7/FFFFFF?text=Mediterranean+Baked+Cod+with+Cherry+Tomatoes+and+Olives,https://www.youtube.com/results?search_query=how+to+make+Mediterranean+Baked+Cod+with+Cherry+Tomatoes+and+Olives
Mediterranean Grilled Swordfish with Lemon-Herb Couscous,"A light and flavorful Mediterranean-inspired dish featuring perfectly grilled swordfish, served alongside fluffy lemon-herb couscous and sweet roasted cherry tomatoes. Ideal for a healthy and elegant meal.","[""2 swordfish steaks (about 6 oz each, 1.5 cm thick)"", ""1 tablespoon olive oil (for fish)"", ""1/2 teaspoon dried oregano"", ""1/4 teaspoon garlic powder"", ""Salt and freshly ground black pepper to taste"", ""1 cup instant couscous"", ""1 cup hot vegetable broth or water"", ""1/4 cup fresh parsley, chopped"", ""2 tablespoons fresh mint, chopped"", ""1 lemon, juiced and zested"", ""1 pint cherry tomatoes"", ""1 tablespoon olive oil (for tomatoes)"", ""1 clove garlic, minced (for tomatoes)"", ""Pinch of red pepper flakes (optional)""]","[""Preheat grill to medium-high heat. If using an oven, preheat to 400\u00b0F (200\u00b0C)."", ""For the swordfish: Pat swordfish steaks dry. In a small bowl, combine 1 tablespoon olive oil, oregano, garlic powder, salt, and pepper. Rub the mixture over both sides of the swordfish steaks."", ""Grill swordfish for 4-6 minutes per side, or until cooked through and flakes easily with a fork. If baking, place on a baking sheet and bake for 10-15 minutes, or until cooked through."", ""For the roasted tomatoes: Toss cherry tomatoes with 1 tablespoon olive oil, minced garlic, a pinch of salt, pepper, and optional red pepper flakes. Spread on a small baking sheet and roast in the oven for 15-20 minutes, or until softened and slightly burst."", ""For the couscous: In a medium bowl, combine instant couscous with hot vegetable broth or water. Cover and let sit for 5 minutes, or until liquid is absorbed. Fluff with a fork."", ""Stir chopped parsley, chopped mint, lemon zest, and lemon juice into the fluffed couscous. Season with salt and pepper to taste."", ""To serve: Divide the lemon-herb couscous among plates. Top each serving with a grilled swordfish steak and a generous spoonful of roasted cherry tomatoes.""]",https://placehold.co/600x400/E868A7/FFFFFF?text=Mediterranean+Grilled+Swordfish+with+Lemon-Herb+Couscous,https://www.youtube.com/results?search_query=how+to+make+Mediterranean+Grilled+Swordfish+with+Lemon-Herb+Couscous
Garlic Lemon Butter Pasta with Spinach,"A quick and flavorful pasta dish perfect for a busy weeknight. It combines the brightness of lemon, richness of butter, and freshness of spinach for a satisfying meal.","[""8 oz spaghetti or linguine"", ""4 tbsp unsalted butter"", ""4 cloves garlic, minced"", ""1/2 cup pasta water"", ""1/4 cup fresh lemon juice"", ""1/2 tsp red pepper flakes (optional)"", ""4 cups fresh spinach"", ""1/4 cup grated Parmesan cheese (plus more for serving)"", ""Salt and black pepper to taste"", ""Fresh parsley, chopped (for garnish)""]","[""Cook pasta according to package directions until al dente. Reserve 1/2 cup of pasta water before draining."", ""While pasta cooks, melt butter in a large skillet or pot over medium heat. Add minced garlic and red pepper flakes (if using) and cook for 1-2 minutes until fragrant, being careful not to burn the garlic."", ""Stir in the fresh spinach and cook until wilted, about 2-3 minutes."", ""Add the cooked and drained pasta to the skillet with the spinach. Pour in the lemon juice and half of the reserved pasta water."", ""Toss everything together. If the pasta seems too dry, add more pasta water a tablespoon at a time until a light sauce forms and coats the pasta."", ""Stir in the grated Parmesan cheese until melted and well combined."", ""Season with salt and black pepper to taste. Garnish with fresh chopped parsley and extra Parmesan cheese before serving.""]",https://placehold.co/600x400/E868A7/FFFFFF?text=Garlic+Lemon+Butter+Pasta+with+Spinach,https://www.youtube.com/results?search_query=how+to+make+Garlic+Lemon+Butter+Pasta+with+Spinach
Mediterranean Baked Cod with Cherry Tomatoes and Olives,"A light and flavorful Mediterranean-inspired baked cod dish, featuring fresh cherry tomatoes, briny olives, and fragrant herbs, all cooked in a single pan for easy cleanup. It's healthy, quick, and perfect for a weeknight.","[""4 (6 oz) cod fillets"", ""1 pint cherry tomatoes, halved"", ""1/2 cup Kalamata olives, pitted and halved"", ""2 cloves garlic, minced"", ""1/4 cup fresh parsley, chopped"", ""2 tbsp fresh oregano, chopped (or 1 tsp dried)"", ""3 tbsp olive oil"", ""1 tbsp fresh lemon juice"", ""Salt to taste"", ""Black pepper to taste"", ""Lemon wedges for serving""]","[""Preheat your oven to 400\u00b0F (200\u00b0C)."", ""In a large baking dish or rimmed baking sheet, combine the halved cherry tomatoes, pitted Kalamata olives, minced garlic, chopped parsley, and chopped oregano."", ""Drizzle the vegetable mixture with 2 tablespoons of olive oil, salt, and pepper. Toss gently to combine."", ""Place the cod fillets on top of the vegetable mixture in a single layer."", ""Drizzle the remaining 1 tablespoon of olive oil over the cod fillets and season them with salt and pepper."", ""Bake for 12-15 minutes, or until the cod is opaque and flakes easily with a fork. Cooking time may vary depending on the thickness of your fillets."", ""Remove from the oven and drizzle the fresh lemon juice over the cod and vegetables."", ""Serve immediately with fresh lemon wedges on the side. This dish pairs well with a side of quinoa, couscous, or a light green salad.""]",https://placehold.co/600x400/E868A7/FFFFFF?text=Mediterranean+Baked+Cod+with+Cherry+Tomatoes+and+Olives,https://www.youtube.com/results?search_query=how+to+make+Mediterranean+Baked+Cod+with+Cherry+Tomatoes+and+Olives
Creamy Lemon Garlic Pasta with Spinach,"A quick, flavorful, and light pasta dish perfect for a busy weeknight, featuring a creamy lemon-garlic sauce and fresh spinach.","[""12 oz spaghetti or linguine"", ""2 tbsp olive oil"", ""4 cloves garlic, minced"", ""1/2 cup vegetable broth"", ""1/2 cup heavy cream (or half-and-half)"", ""Zest of 1 lemon"", ""Juice of 1/2 lemon"", ""4 cups fresh spinach"", ""1/4 cup grated Parmesan cheese"", ""Salt and freshly ground black pepper to taste"", ""Red pepper flakes (optional)""]","[""Cook pasta according to package directions until al dente. Before draining, reserve 1/2 cup of the pasta water."", ""While pasta cooks, heat olive oil in a large skillet or pot over medium heat. Add minced garlic and cook for 1 minute until fragrant, being careful not to brown it."", ""Pour in vegetable broth, heavy cream, lemon zest, and lemon juice. Bring to a gentle simmer and cook for 2-3 minutes, stirring occasionally, until the sauce slightly thickens."", ""Add fresh spinach to the skillet, stirring until it wilts, which should take about 1-2 minutes."", ""Add the drained pasta to the skillet with the sauce. Toss to coat evenly."", ""Stir in the grated Parmesan cheese. If the sauce is too thick, add a splash of the reserved pasta water until you reach your desired consistency."", ""Season generously with salt, black pepper, and red pepper flakes (if using) to taste."", ""Serve immediately, garnished with extra Parmesan cheese if desired.""]",https://placehold.co/600x400/E868A7/FFFFFF?text=Creamy+Lemon+Garlic+Pasta+with+Spinach,https://www.youtube.com/results?search_query=how+to+make+Creamy+Lemon+Garlic+Pasta+with+Spinach
Lemon Garlic Butter Pasta with Spinach,"A light, flavorful, and incredibly quick weeknight pasta dish, perfect for busy evenings. The bright lemon and aromatic garlic complement the rich butter and fresh spinach for a simple yet satisfying meal.","[""8 oz spaghetti or linguine"", ""4 tbsp unsalted butter"", ""4 cloves garlic, minced"", ""1/2 cup pasta water (reserved)"", ""Juice of 1 large lemon"", ""1/2 tsp red pepper flakes (optional)"", ""4 cups fresh spinach"", ""1/4 cup grated Parmesan cheese, plus more for serving"", ""Salt and freshly ground black pepper to taste"", ""Fresh parsley, chopped, for garnish (optional)""]","[""Bring a large pot of salted water to a rolling boil. Add pasta and cook according to package directions until al dente. Before draining, reserve about 1 cup of the pasta water."", ""While pasta cooks, melt butter in a large skillet or wide pan over medium heat. Add minced garlic and red pepper flakes (if using) and cook for 1-2 minutes until fragrant, being careful not to burn the garlic."", ""Add the fresh spinach to the skillet and toss until it wilts, which should only take 1-2 minutes."", ""Drain the cooked pasta and add it directly to the skillet with the spinach and garlic butter. Add the lemon juice and 1/4 cup of the reserved pasta water."", ""Toss everything together, adding more pasta water a tablespoon at a time if needed, until a light sauce forms and coats the pasta. Stir in the grated Parmesan cheese."", ""Season with salt and freshly ground black pepper to taste. Serve immediately, garnished with fresh parsley and extra Parmesan cheese if desired.""]",https://placehold.co/600x400/E868A7/FFFFFF?text=Lemon+Garlic+Butter+Pasta+with+Spinach,https://www.youtube.com/results?search_query=how+to+make+Lemon+Garlic+Butter+Pasta+with+Spinach
Mediterranean Lemon Herb Salmon with Roasted Vegetables,"A light and flavorful Mediterranean-inspired salmon dish, baked with fresh herbs, lemon, and a medley of colorful roasted vegetables. Perfect for a healthy weeknight meal or a casual dinner party.","[""2 salmon fillets (6 oz each)"", ""1 bell pepper (any color), sliced"", ""1 zucchini, sliced"", ""1/2 red onion, sliced"", ""1 pint cherry tomatoes"", ""2 cloves garlic, minced"", ""2 tablespoons olive oil"", ""1 lemon, half sliced, half juiced"", ""1 teaspoon dried oregano"", ""1/2 teaspoon dried thyme"", ""Salt to taste"", ""Black pepper to taste"", ""Fresh parsley or dill for garnish (optional)""]","[""Preheat oven to 400\bF (200\bC)."", ""On a large baking sheet, combine the sliced bell pepper, zucchini, red onion, and cherry tomatoes."", ""Drizzle vegetables with 1 tablespoon of olive oil, minced garlic, oregano, thyme, salt, and pepper. Toss to coat evenly."", ""Push the vegetables to one side of the baking sheet to make space for the salmon."", ""Place salmon fillets on the other side of the baking sheet. Drizzle salmon with the remaining 1 tablespoon of olive oil, lemon juice, salt, and pepper."", ""Place a few lemon slices on top of each salmon fillet."", ""Bake for 15-20 minutes, or until salmon is cooked through and flakes easily with a fork, and vegetables are tender-crisp."", ""Garnish with fresh parsley or or dill, if desired."", ""Serve immediately.""]",https://placehold.co/600x400/E868A7/FFFFFF?text=Mediterranean+Lemon+Herb+Salmon+with+Roasted+Vegetables,https://www.youtube.com/results?search_query=how+to+make+Mediterranean+Lemon+Herb+Salmon+with+Roasted+Vegetables
Lemon Garlic Parmesan Pasta,"A light, zesty, and incredibly quick pasta dish perfect for a weeknight. It's bursting with fresh lemon, pungent garlic, and savory Parmesan.","[""8 oz spaghetti or linguine"", ""3 tablespoons olive oil"", ""4 cloves garlic, minced"", ""1/2 cup grated Parmesan cheese, plus more for serving"", ""Zest of 1 large lemon"", ""Juice of 1 large lemon (about 3-4 tablespoons)"", ""1/4 cup reserved pasta water"", ""Salt and freshly ground black pepper to taste"", ""Fresh parsley, chopped, for garnish (optional)""]","[""Bring a large pot of salted water to a rolling boil. Add the spaghetti and cook according to package directions until al dente."", ""While the pasta is cooking, heat the olive oil in a large skillet over medium-low heat. Add the minced garlic and cook for 1-2 minutes until fragrant, being careful not to brown it."", ""Before draining the pasta, reserve about 1 cup of the starchy pasta water. Drain the remaining pasta."", ""Add the drained pasta to the skillet with the garlic and olive oil. Immediately add the lemon juice, lemon zest, and Parmesan cheese."", ""Pour in 1/4 cup of the reserved pasta water. Toss vigorously with tongs until the sauce emulsifies and coats the pasta, adding a little more pasta water if needed to reach desired consistency."", ""Season with salt and freshly ground black pepper to taste. Garnish with fresh parsley if desired and serve immediately with extra Parmesan.""]",https://placehold.co/600x400/E868A7/FFFFFF?text=Lemon+Garlic+Parmesan+Pasta,https://www.youtube.com/results?search_query=how+to+make+Lemon+Garlic+Parmesan+Pasta
Mediterranean Baked Cod with Cherry Tomatoes and Olives,"A light, healthy, and flavorful seafood dish inspired by the Mediterranean coast, featuring tender cod baked with sweet cherry tomatoes, briny olives, fresh herbs, and a hint of lemon. It's simple enough for a weeknight yet elegant enough for guests.","[""2 lbs cod fillets (or other firm white fish like halibut or snapper)"", ""1 pint cherry tomatoes, halved"", ""1/2 cup Kalamata olives, pitted and halved"", ""1/4 cup fresh parsley, chopped"", ""2 cloves garlic, minced"", ""2 tbsp olive oil"", ""1 lemon, thinly sliced"", ""1/2 tsp dried oregano"", ""Salt to taste"", ""Black pepper to taste""]","[""Preheat oven to 400\u00b0F (200\u00b0C)."", ""Lightly grease a baking dish or line with parchment paper."", ""Place cod fillets in the baking dish."", ""In a medium bowl, combine the halved cherry tomatoes, halved Kalamata olives, minced garlic, chopped fresh parsley, olive oil, dried oregano, salt, and pepper. Toss gently to combine."", ""Spoon the tomato and olive mixture evenly over and around the cod fillets in the baking dish."", ""Arrange lemon slices on top of the cod and the vegetable mixture."", ""Bake for 12-18 minutes, or until the fish is opaque and flakes easily with a fork. Cooking time will vary depending on the thickness of the fish."", ""Serve immediately, perhaps with a side of couscous, quinoa, or a simple green salad.""]",https://placehold.co/600x400/E868A7/FFFFFF?text=Mediterranean+Baked+Cod+with+Cherry+Tomatoes+and+Olives,https://www.youtube.com/results?search_query=how+to+make+Mediterranean+Baked+Cod+with+Cherry+Tomatoes+and+Olives
Lemon Herb Ricotta Pasta with Crispy Garlic Breadcrumbs,"A vibrant and surprisingly simple weeknight pasta dish, elevated with creamy lemon-herb ricotta and a delightful crunch from garlicky, crispy breadcrumbs. It's quick to prepare and bursting with fresh flavors.","[""340g (12 oz) spaghetti or linguine"", ""250g (1 cup) whole milk ricotta cheese"", ""2 cloves garlic, minced"", ""1 large lemon, zested and juiced"", ""1/4 cup fresh parsley, finely chopped"", ""2 tbsp fresh basil, finely chopped"", ""1/2 cup Panko breadcrumbs"", ""3 tbsp olive oil, divided"", ""1/4 cup grated Parmesan cheese, plus more for serving"", ""1/2 tsp red pepper flakes (optional)"", ""Salt and black pepper to taste""]","[""Bring a large pot of salted water to a boil. Add the pasta and cook according to package directions until al dente. Before draining, reserve 1 cup of the pasta water."", ""While the pasta cooks, heat 1 tablespoon of olive oil in a small skillet over medium heat. Add the Panko breadcrumbs and minced garlic. Toast, stirring frequently, until golden brown and crispy (about 3-5 minutes). Remove from heat and set aside."", ""In a large bowl, combine the ricotta cheese, lemon zest, lemon juice, chopped parsley, chopped basil, 2 tablespoons of olive oil, and red pepper flakes (if using). Season generously with salt and black pepper. Stir until well combined."", ""Drain the cooked pasta and add it directly to the bowl with the ricotta mixture. Add about 1/2 cup of the reserved pasta water and the 1/4 cup of grated Parmesan cheese. Toss everything together, adding more pasta water a tablespoon at a time, until the pasta is coated in a creamy sauce."", ""Serve immediately, garnished with the crispy garlic breadcrumbs and additional grated Parmesan cheese.""]",https://placehold.co/600x400/E868A7/FFFFFF?text=Lemon+Herb+Ricotta+Pasta+with+Crispy+Garlic+Breadcrumbs,https://www.youtube.com/results?search_query=how+to+make+Lemon+Herb+Ricotta+Pasta+with+Crispy+Garlic+Breadcrumbs
Quick Garlic Lemon Zucchini Pasta,"A light and flavorful pasta dish that comes together quickly, perfect for a busy weeknight meal. It's healthy, easy to make, and packed with fresh flavors.","[""8 oz spaghetti or linguine"", ""2 medium zucchini, thinly sliced or spiralized"", ""3 cloves garlic, minced"", ""1/4 cup olive oil"", ""Juice of 1/2 lemon"", ""1/4 cup fresh parsley, chopped"", ""Salt to taste"", ""Black pepper to taste"", ""Parmesan cheese, for serving (optional)""]","[""Cook pasta according to package directions until al dente. Reserve 1/2 cup of pasta water before draining."", ""While pasta cooks, heat olive oil in a large skillet over medium heat. Add minced garlic and cook for 1 minute until fragrant, being careful not to burn it."", ""Add sliced zucchini to the skillet and saut\u00e9 for 3-5 minutes until tender-crisp."", ""Add cooked and drained pasta to the skillet with the zucchini. Pour in lemon juice and a splash of the reserved pasta water. Toss to combine."", ""Add fresh parsley, salt, and black pepper. Toss again. If the pasta seems too dry, add a little more pasta water until desired consistency is reached."", ""Serve immediately, optionally topped with grated Parmesan cheese.""]",https://placehold.co/600x400/E868A7/FFFFFF?text=Quick+Garlic+Lemon+Zucchini+Pasta,https://www.youtube.com/results?search_query=how+to+make+Quick+Garlic+Lemon+Zucchini+Pasta
Lemon Garlic Butter Pasta with Spinach,"A quick, zesty, and light pasta dish perfect for a busy weeknight. This recipe combines the brightness of lemon with the richness of butter and garlic, rounded out with fresh spinach, making it a delightful and easy meal.","[""8 oz spaghetti or linguine"", ""4 tbsp unsalted butter"", ""3 cloves garlic, minced"", ""1/2 cup pasta water (reserved)"", ""1/4 cup fresh lemon juice"", ""1/2 cup grated Parmesan cheese, plus more for serving"", ""2 cups fresh spinach"", ""Salt and black pepper to taste"", ""Red pepper flakes (optional)""]","[""Cook the pasta according to package directions in salted water. Before draining, reserve about 1 cup of pasta water."", ""While pasta cooks, in a large skillet or pot, melt the butter over medium heat. Add minced garlic and cook for 1 minute until fragrant, being careful not to burn it."", ""Add fresh spinach to the skillet and cook until wilted, about 2-3 minutes."", ""Drain the pasta and add it directly to the skillet with the spinach and garlic butter. Add 1/2 cup of the reserved pasta water and the fresh lemon juice."", ""Toss well to combine. Add the grated Parmesan cheese and continue tossing until the sauce emulsifies and coats the pasta. If the sauce is too thick, add a little more pasta water, one tablespoon at a time."", ""Season with salt and black pepper to taste. Add red pepper flakes if desired for a touch of heat."", ""Serve immediately, garnished with extra Parmesan cheese.""]",https://placehold.co/600x400/E868A7/FFFFFF?text=Lemon+Garlic+Butter+Pasta+with+Spinach,https://www.youtube.com/results?search_query=how+to+make+Lemon+Garlic+Butter+Pasta+with+Spinach
Mediterranean Baked Cod with Cherry Tomatoes and Olives,"A light and flavorful seafood dish featuring flaky cod baked with sweet cherry tomatoes, briny Kalamata olives, fresh herbs, and a hint of lemon. Perfect for a healthy weeknight dinner.","[""4 (6 oz) cod fillets, fresh or frozen and thawed"", ""1 pint cherry tomatoes, halved"", ""1/2 cup Kalamata olives, pitted and halved"", ""2 cloves garlic, minced"", ""2 tablespoons olive oil"", ""1/4 cup fresh parsley, chopped"", ""1/4 cup fresh basil, chopped"", ""1 teaspoon dried oregano"", ""1/2 lemon, thinly sliced"", ""Salt to taste"", ""Black pepper to taste""]","[""Preheat oven to 400\u00b0F (200\u00b0C)."", ""In a large baking dish or rimmed baking sheet, combine the halved cherry tomatoes, halved Kalamata olives, minced garlic, olive oil, chopped parsley, chopped basil, and dried oregano. Stir to combine."", ""Season the cod fillets generously with salt and black pepper on both sides."", ""Nestle the seasoned cod fillets among the tomato and olive mixture in the baking dish."", ""Arrange lemon slices on top of each cod fillet."", ""Bake for 12-18 minutes, or until the cod is opaque and flakes easily with a fork. Cooking time may vary depending on the thickness of the fish."", ""Serve immediately, spooning the tomato and olive mixture over the cod."", ""Garnish with extra fresh herbs if desired.""]",https://placehold.co/600x400/E868A7/FFFFFF?text=Mediterranean+Baked+Cod+with+Cherry+Tomatoes+and+Olives,https://www.youtube.com/results?search_query=how+to+make+Mediterranean+Baked+Cod+with+Cherry+Tomatoes+and+Olives
Lemon Herb Ricotta Pasta with Asparagus,"A creamy, light, and zesty pasta dish perfect for a quick and simple weeknight meal, featuring fresh ricotta, bright lemon, fragrant herbs, and tender asparagus.","[""12 oz short pasta (e.g., orecchiette, penne)"", ""1 tbsp olive oil"", ""1 bunch asparagus, trimmed and cut into 1-inch pieces"", ""1 cup fresh ricotta cheese"", ""1/2 cup grated Parmesan cheese, plus more for serving"", ""Zest of 1 lemon"", ""2 tbsp fresh lemon juice"", ""1/4 cup chopped fresh parsley"", ""2 tbsp chopped fresh chives"", ""Salt and freshly ground black pepper to taste"", ""1/4 cup reserved pasta water""]","[""Cook pasta according to package directions until al dente. Reserve 1/4 cup of the pasta water before draining."", ""While pasta cooks, heat olive oil in a large skillet or pot over medium heat. Add asparagus and saut\u00e9 for 3-5 minutes until tender-crisp. Season with a pinch of salt."", ""In a large bowl, combine ricotta cheese, Parmesan cheese, lemon zest, lemon juice, parsley, and chives. Season with salt and pepper."", ""Add the drained hot pasta and the saut\u00e9ed asparagus to the bowl with the ricotta mixture. Toss well to combine."", ""Gradually add the reserved pasta water, 1 tablespoon at a time, while tossing, until the sauce reaches a creamy consistency and coats the pasta beautifully."", ""Taste and adjust seasoning if needed. Serve immediately, garnished with extra Parmesan cheese and a sprinkle of fresh black pepper.""]",https://placehold.co/600x400/E868A7/FFFFFF?text=Lemon+Herb+Ricotta+Pasta+with+Asparagus,https://www.youtube.com/results?search_query=how+to+make+Lemon+Herb+Ricotta+Pasta+with+Asparagus
Speedy Lemon Garlic Butter Pasta with Spinach,"A light, flavorful, and incredibly quick pasta dish perfect for a busy weeknight. It combines the brightness of lemon with rich garlic butter and fresh spinach for a satisfying and simple meal.","[""8 oz pasta (linguine, spaghetti, or fettuccine)"", ""4 tbsp unsalted butter"", ""4 cloves garlic, minced"", ""1/2 cup pasta water, reserved"", ""Juice of 1 large lemon"", ""Zest of 1 lemon"", ""4 cups fresh spinach"", ""1/4 cup grated Parmesan cheese, plus more for serving"", ""Salt and freshly ground black pepper to taste"", ""Red pepper flakes (optional)""]","[""Cook pasta according to package directions in salted water until al dente. Before draining, reserve about 1 cup of pasta water."", ""While pasta cooks, melt butter in a large skillet or pot over medium heat."", ""Add minced garlic to the skillet and saut\u00e9 for 1-2 minutes until fragrant, being careful not to brown it."", ""Add the lemon juice and half of the reserved pasta water to the skillet, stirring to combine."", ""Add the fresh spinach to the skillet and cook until just wilted, about 1-2 minutes."", ""Drain the cooked pasta and add it directly to the skillet with the sauce."", ""Add the lemon zest and grated Parmesan cheese. Toss everything together, adding more pasta water a tablespoon at a time if needed, until the sauce coats the pasta nicely."", ""Season with salt, freshly ground black pepper, and optional red pepper flakes to taste. Serve immediately, topped with extra Parmesan cheese if desired.""]",https://placehold.co/600x400/E868A7/FFFFFF?text=Speedy+Lemon+Garlic+Butter+Pasta+with+Spinach,https://www.youtube.com/results?search_query=how+to+make+Speedy+Lemon+Garlic+Butter+Pasta+with+Spinach
Mediterranean Baked Cod with Cherry Tomatoes and Olives,"A light and flavorful seafood dish featuring flaky cod baked with vibrant cherry tomatoes, briny olives, and aromatic herbs, reminiscent of the sun-drenched Mediterranean coast. Perfect for a healthy weeknight dinner.","[""4 (6 oz) cod fillets"", ""1 pint cherry tomatoes, halved"", ""1/2 cup Kalamata olives, pitted and halved"", ""2 cloves garlic, minced"", ""2 tablespoons olive oil"", ""1 tablespoon fresh oregano, chopped (or 1 teaspoon dried)"", ""1 tablespoon fresh parsley, chopped"", ""1/2 teaspoon red pepper flakes (optional)"", ""Juice of 1/2 lemon"", ""Salt and freshly ground black pepper to taste""]","[""Preheat your oven to 400\u00b0F (200\u00b0C)."", ""In a large baking dish or rimmed baking sheet, combine the halved cherry tomatoes, pitted Kalamata olives, minced garlic, olive oil, fresh oregano, and red pepper flakes (if using). Toss gently to combine."", ""Season the mixture with a pinch of salt and black pepper."", ""Place the cod fillets on top of the tomato-olive mixture. Season the cod fillets with salt and pepper."", ""Bake for 12-15 minutes, or until the cod is opaque and flakes easily with a fork. Cooking time may vary depending on the thickness of the fillets."", ""Remove from the oven, squeeze fresh lemon juice over the cod and vegetables, and sprinkle with fresh parsley."", ""Serve immediately, perhaps with a side of couscous or crusty bread to soak up the delicious juices.""]",https://placehold.co/600x400/E868A7/FFFFFF?text=Mediterranean+Baked+Cod+with+Cherry+Tomatoes+and+Olives,https://www.youtube.com/results?search_query=how+to+make+Mediterranean+Baked+Cod+with+Cherry+Tomatoes+and+Olives
Mediterranean Lemon Herb Baked Cod,"A light, flavorful, and healthy seafood dish featuring flaky cod baked with bright lemon, fresh herbs, juicy cherry tomatoes, and briny olives. Perfect for a weeknight or a simple dinner party.","[""4 (6 oz) cod fillets"", ""1 tablespoon olive oil"", ""2 cloves garlic, minced"", ""1 lemon, thinly sliced"", ""1 pint cherry tomatoes, halved"", ""1/2 cup Kalamata olives, pitted and halved"", ""2 tablespoons fresh parsley, chopped"", ""1 tablespoon fresh oregano, chopped"", ""Salt to taste"", ""Black pepper to taste""]","[""Preheat oven to 400\u00b0F (200\u00b0C)."", ""Lightly grease a baking dish or line with parchment paper."", ""Pat cod fillets dry with paper towels and place them in the prepared baking dish."", ""Drizzle olive oil over the cod fillets."", ""Sprinkle minced garlic, chopped parsley, and chopped oregano evenly over the fish."", ""Arrange lemon slices, halved cherry tomatoes, and halved Kalamata olives around and on top of the cod."", ""Season generously with salt and black pepper."", ""Bake for 12-15 minutes, or until the cod is opaque and flakes easily with a fork."", ""Serve immediately, garnished with extra fresh herbs if desired.""]",https://placehold.co/600x400/E868A7/FFFFFF?text=Mediterranean+Lemon+Herb+Baked+Cod,https://www.youtube.com/results?search_query=how+to+make+Mediterranean+Lemon+Herb+Baked+Cod
Mediterranean Baked Cod,"A light and flavorful seafood dish featuring flaky cod baked with vibrant cherry tomatoes, briny Kalamata olives, fresh herbs, and a hint of lemon, inspired by the healthy Mediterranean diet.","[""4 (6 oz) cod fillets"", ""1 pint cherry tomatoes, halved"", ""1/2 cup Kalamata olives, pitted and halved"", ""1/4 cup fresh parsley, chopped"", ""2 cloves garlic, minced"", ""2 tablespoons olive oil"", ""1 lemon, thinly sliced"", ""1/2 teaspoon dried oregano"", ""Salt and black pepper to taste""]","[""Preheat oven to 400\u00b0F (200\u00b0C)."", ""In a large baking dish, combine halved cherry tomatoes, Kalamata olives, minced garlic, chopped fresh parsley, olive oil, and dried oregano. Season with salt and pepper. Toss gently to combine."", ""Place the cod fillets on top of the tomato and olive mixture. Season the cod lightly with salt and pepper."", ""Arrange lemon slices over the cod fillets."", ""Bake for 12-15 minutes, or until the cod is opaque and flakes easily with a fork. Cooking time may vary depending on the thickness of the fillets."", ""Serve immediately, spooning the tomato and olive sauce over the cod. Garnish with extra fresh parsley if desired. Excellent with a side of quinoa or a light salad.""]",https://placehold.co/600x400/E868A7/FFFFFF?text=Mediterranean+Baked+Cod,https://www.youtube.com/results?search_query=how+to+make+Mediterranean+Baked+Cod
Lemon Garlic Butter Pasta with Toasted Breadcrumbs,"A vibrant and effortlessly quick weeknight pasta dish. This recipe combines the bright acidity of lemon with savory garlic and rich butter, elevated by the satisfying crunch of toasted breadcrumbs for added texture and flavor.","[""12 oz spaghetti or linguine"", ""1/4 cup unsalted butter"", ""4 cloves garlic, minced"", ""1/2 teaspoon red pepper flakes (optional)"", ""1/4 cup fresh lemon juice"", ""1/2 cup reserved pasta water"", ""1/2 cup grated Parmesan cheese, plus more for serving"", ""1/4 cup fresh parsley, chopped"", ""1/2 cup panko breadcrumbs"", ""1 tbsp olive oil"", ""Salt and freshly ground black pepper to taste""]","[""Cook pasta according to package directions in a large pot of salted boiling water. Before draining, reserve 1/2 cup of the starchy pasta water."", ""While pasta cooks, heat olive oil in a small pan over medium heat. Add panko breadcrumbs and toast, stirring frequently, until golden brown and crispy, about 3-5 minutes. Set aside."", ""In a large skillet, melt butter over medium heat. Add minced garlic and red pepper flakes (if using) and cook until fragrant, about 1 minute, being careful not to burn the garlic."", ""Add lemon juice and 1/4 cup of the reserved pasta water to the skillet. Bring to a gentle simmer."", ""Drain the cooked pasta and add it directly to the skillet with the sauce."", ""Add grated Parmesan cheese and chopped parsley to the pasta. Toss well to combine, adding more reserved pasta water a tablespoon at a time if needed to create a smooth, emulsified sauce."", ""Season with salt and freshly ground black pepper to taste."", ""Serve immediately, topped generously with the toasted breadcrumbs and extra Parmesan cheese if desired.""]",https://placehold.co/600x400/E868A7/FFFFFF?text=Lemon+Garlic+Butter+Pasta+with+Toasted+Breadcrumbs,https://www.youtube.com/results?search_query=how+to+make+Lemon+Garlic+Butter+Pasta+with+Toasted+Breadcrumbs
Mediterranean Baked Cod with Cherry Tomatoes and Olives,"A light and flavorful seafood dish inspired by the vibrant flavors of the Mediterranean, featuring flaky cod baked with sweet cherry tomatoes, briny Kalamata olives, fresh herbs, and a hint of lemon.","[""4 cod fillets (about 6 oz each)"", ""1 pint cherry tomatoes, halved"", ""1/2 cup Kalamata olives, pitted and halved"", ""1/4 cup fresh parsley, chopped"", ""2 cloves garlic, minced"", ""2 tablespoons olive oil"", ""1 lemon, thinly sliced"", ""1 teaspoon dried oregano"", ""Salt to taste"", ""Black pepper to taste""]","[""Preheat your oven to 400\u00b0F (200\u00b0C)."", ""In a large baking dish, combine the halved cherry tomatoes, pitted and halved Kalamata olives, chopped fresh parsley, minced garlic, and olive oil."", ""Stir gently to coat the vegetables evenly."", ""Season the cod fillets generously with salt, black pepper, and dried oregano."", ""Nestle the seasoned cod fillets among the vegetable mixture in the baking dish."", ""Arrange the lemon slices on top of the cod fillets."", ""Bake for 12-15 minutes, or until the cod is opaque and flakes easily with a fork."", ""Serve immediately, spooning the tomato and olive mixture over the fish.""]",https://placehold.co/600x400/E868A7/FFFFFF?text=Mediterranean+Baked+Cod+with+Cherry+Tomatoes+and+Olives,https://www.youtube.com/results?search_query=how+to+make+Mediterranean+Baked+Cod+with+Cherry+Tomatoes+and+Olives
Mediterranean Grilled Halibut with Lemon-Herb Pistachio Crumble,"A light yet flavorful grilled halibut dish, featuring a vibrant crumble made from toasted pistachios, fresh herbs, and bright lemon zest, all inspired by the fresh flavors of the Mediterranean.","[""2 halibut fillets (6-8 oz each)"", ""2 tbsp olive oil, plus more for grilling"", ""Salt and black pepper to taste"", ""1/4 cup shelled pistachios"", ""2 tbsp fresh parsley, chopped"", ""1 tbsp fresh mint, chopped"", ""1 tsp lemon zest"", ""1 clove garlic, minced"", ""1 tbsp fresh lemon juice"", ""Pinch of red pepper flakes (optional)""]","[""Pat halibut fillets dry with paper towels. Drizzle with 2 tbsp olive oil, season generously with salt and pepper, and set aside."", ""In a small dry pan, lightly toast the pistachios over medium-low heat for 3-5 minutes until fragrant. Let cool slightly, then coarsely chop."", ""In a small bowl, combine the chopped pistachios, fresh parsley, fresh mint, lemon zest, minced garlic, lemon juice, and red pepper flakes (if using). Mix well to form the crumble."", ""Preheat grill to medium-high heat. Lightly oil the grill grates."", ""Place the halibut fillets on the hot grill. Grill for 4-6 minutes per side, or until the fish is opaque and flakes easily with a fork. Cooking time will vary depending on thickness."", ""Transfer grilled halibut to serving plates."", ""Spoon the lemon-herb pistachio crumble generously over each halibut fillet."", ""Serve immediately, perhaps with a side of roasted vegetables or a simple green salad.""]",https://placehold.co/600x400/E868A7/FFFFFF?text=Mediterranean+Grilled+Halibut+with+Lemon-Herb+Pistachio+Crumble,https://www.youtube.com/results?search_query=how+to+make+Mediterranean+Grilled+Halibut+with+Lemon-Herb+Pistachio+Crumble
Lemon Garlic Ricotta Pasta,"A quick and creamy pasta dish with bright lemon and savory garlic, perfect for a simple weeknight meal.","[""12 oz spaghetti or linguine"", ""1 tbsp olive oil"", ""4 cloves garlic minced"", ""1/2 tsp red pepper flakes optional"", ""1 cup ricotta cheese"", ""1/2 cup grated Parmesan cheese plus more for serving"", ""1/4 cup fresh lemon juice"", ""1/4 cup pasta water"", ""Salt to taste"", ""Black pepper to taste"", ""Fresh parsley chopped for garnish""]","[""Cook pasta according to package directions until al dente. Reserve 1/2 cup of pasta water before draining."", ""While pasta cooks, heat olive oil in a large skillet over medium heat. Add minced garlic and red pepper flakes if using and cook for 1-2 minutes until fragrant, being careful not to brown the garlic."", ""Remove skillet from heat. Add ricotta cheese Parmesan cheese lemon juice and 1/4 cup of the reserved pasta water to the skillet. Stir until well combined and creamy."", ""Add the drained pasta to the skillet with the ricotta mixture. Toss well to coat the pasta. If the sauce is too thick add more pasta water a tablespoon at a time until desired consistency is reached."", ""Season with salt and black pepper to taste."", ""Serve immediately garnished with fresh parsley and extra Parmesan cheese if desired.""]",https://placehold.co/600x400/E868A7/FFFFFF?text=Lemon+Garlic+Ricotta+Pasta,https://www.youtube.com/results?search_query=how+to+make+Lemon+Garlic+Ricotta+Pasta
Zesty Lemon Ricotta Pasta with Toasted Walnuts,"A light and refreshing weeknight pasta dish featuring creamy ricotta, bright lemon zest, fresh herbs, and a satisfying crunch from toasted walnuts. Quick to prepare and full of flavor.","[""300g pasta (e.g., spaghetti, linguine, or penne)"", ""250g ricotta cheese"", ""2 tablespoons olive oil"", ""2 cloves garlic, minced"", ""Zest of 1 large lemon"", ""Juice of 1/2 lemon (or more, to taste)"", ""1/4 cup fresh parsley, chopped"", ""2 tablespoons fresh basil, chopped"", ""1/2 cup walnuts, roughly chopped"", ""Salt and freshly ground black pepper to taste"", ""Optional: Parmesan cheese for serving"", ""Optional: Red pepper flakes for a kick""]","[""Cook pasta according to package directions until al dente. Reserve 1/2 cup of pasta water before draining."", ""While pasta cooks, heat a dry skillet over medium heat. Add chopped walnuts and toast for 3-5 minutes, stirring frequently, until fragrant and lightly browned. Set aside."", ""In a large bowl, combine ricotta cheese, olive oil, minced garlic, lemon zest, lemon juice, chopped parsley, and chopped basil. Season with salt and pepper."", ""Add the drained pasta to the ricotta mixture. Stir well to coat. If the sauce is too thick, add reserved pasta water a tablespoon at a time until desired consistency is reached."", ""Stir in most of the toasted walnuts, reserving a few for garnish."", ""Serve immediately, garnished with remaining toasted walnuts, a sprinkle of fresh herbs, and optional Parmesan cheese or red pepper flakes.""]",https://placehold.co/600x400/E868A7/FFFFFF?text=Zesty+Lemon+Ricotta+Pasta+with+Toasted+Walnuts,https://www.youtube.com/results?search_query=how+to+make+Zesty+Lemon+Ricotta+Pasta+with+Toasted+Walnuts
Mediterranean Baked Cod with Cherry Tomatoes and Olives,"A simple, healthy, and flavorful seafood dish inspired by the Mediterranean coast. Flaky cod is baked with juicy cherry tomatoes, briny olives, fresh herbs, and a hint of lemon.","[""2 cod fillets (about 6 oz each), fresh or thawed"", ""1 pint (about 2 cups) cherry tomatoes, halved"", ""1/2 cup Kalamata olives, pitted and halved"", ""2 cloves garlic, minced"", ""1/4 cup fresh parsley, chopped"", ""2 tablespoons olive oil"", ""1 lemon, half sliced, half for juice"", ""1/2 teaspoon dried oregano"", ""Salt to taste"", ""Black pepper to taste"", ""Fresh basil leaves for garnish (optional)""]","[""Preheat your oven to 400\u00b0F (200\u00b0C)."", ""In a baking dish, combine the halved cherry tomatoes, halved Kalamata olives, minced garlic, chopped parsley, olive oil, dried oregano, salt, and pepper. Toss gently to combine."", ""Place the cod fillets on top of the tomato and olive mixture. Season the cod lightly with salt and pepper."", ""Squeeze the juice from half of the lemon over the cod and the vegetables. Place a few lemon slices on top of each cod fillet."", ""Bake for 12-18 minutes, or until the cod is opaque and flakes easily with a fork. Cooking time will vary depending on the thickness of your fillets."", ""Garnish with fresh basil leaves, if desired, before serving."", ""Serve immediately, perhaps with a side of quinoa, couscous, or a light salad to soak up the delicious pan juices.""]",https://placehold.co/600x400/E868A7/FFFFFF?text=Mediterranean+Baked+Cod+with+Cherry+Tomatoes+and+Olives,https://www.youtube.com/results?search_query=how+to+make+Mediterranean+Baked+Cod+with+Cherry+Tomatoes+and+Olives
Lemon Garlic Butter Pasta with Spinach,"A quick and incredibly flavorful weeknight pasta dish that comes together in under 20 minutes. Bright lemon, aromatic garlic, and rich butter coat al dente pasta, with fresh spinach adding a touch of green.","[""12 oz spaghetti or linguine"", ""4 tbsp unsalted butter"", ""4 cloves garlic, minced"", ""1/2 cup pasta water"", ""Juice of 1 large lemon"", ""1/4 cup grated Parmesan cheese, plus more for serving"", ""4 cups fresh spinach"", ""Salt to taste"", ""Freshly ground black pepper to taste"", ""Red pepper flakes (optional, for a hint of heat)""]","[""Cook pasta according to package directions until al dente. Before draining, reserve about 1 cup of pasta water."", ""While pasta cooks, melt butter in a large skillet or pot over medium heat. Add minced garlic and cook for about 1 minute until fragrant, being careful not to brown it."", ""Add about 1/2 cup of the reserved pasta water to the skillet, along with the lemon juice. Bring to a gentle simmer."", ""Drain the cooked pasta and add it directly to the skillet with the sauce. Add the Parmesan cheese and spinach. Toss continuously until the spinach wilts and the sauce coats the pasta, adding a little more pasta water if needed to reach desired consistency."", ""Season with salt, black pepper, and red pepper flakes (if using) to taste. Toss one last time."", ""Serve immediately, garnished with additional Parmesan cheese if desired.""]",https://placehold.co/600x400/E868A7/FFFFFF?text=Lemon+Garlic+Butter+Pasta+with+Spinach,https://www.youtube.com/results?search_query=how+to+make+Lemon+Garlic+Butter+Pasta+with+Spinach
Mediterranean Baked Cod,"A light and flavorful seafood dish featuring flaky cod baked with vibrant cherry tomatoes, briny Kalamata olives, fresh herbs, and a hint of lemon, inspired by the sun-drenched coasts of the Mediterranean.","[""4 (6 oz) cod fillets, fresh or frozen and thawed"", ""1 pint cherry tomatoes, halved"", ""1/2 cup Kalamata olives, pitted and halved"", ""1/4 cup fresh parsley, chopped"", ""2 cloves garlic, minced"", ""2 tablespoons olive oil"", ""1 lemon, thinly sliced or juiced"", ""1/2 teaspoon dried oregano"", ""Salt to taste"", ""Black pepper to taste""]","[""Preheat oven to 400\u00b0F (200\u00b0C). Lightly grease a baking dish."", ""In the baking dish, combine halved cherry tomatoes, Kalamata olives, minced garlic, chopped parsley, olive oil, dried oregano, salt, and pepper. Toss gently to combine."", ""Nestle the cod fillets among the tomato and olive mixture. Season the cod fillets with a pinch of salt and pepper."", ""Place lemon slices over the cod fillets or drizzle with fresh lemon juice."", ""Bake for 12-15 minutes, or until the cod is opaque and flakes easily with a fork. Cooking time may vary depending on the thickness of the fillets."", ""Serve immediately, garnished with extra fresh parsley if desired. This dish pairs well with rice, quinoa, or a simple green salad.""]",https://placehold.co/600x400/E868A7/FFFFFF?text=Mediterranean+Baked+Cod,https://www.youtube.com/results?search_query=how+to+make+Mediterranean+Baked+Cod
Lemon Garlic Butter Pasta with Spinach,"A light, flavorful, and incredibly quick pasta dish perfect for a busy weeknight. The bright lemon and savory garlic butter sauce coats al dente pasta, complemented by fresh spinach, making for a satisfying meal in under 20 minutes.","[""8 oz spaghetti or linguine"", ""4 tbsp unsalted butter"", ""3-4 cloves garlic, minced"", ""1/2 cup reserved pasta water (and more if needed)"", ""Juice of 1 lemon (about 2-3 tbsp)"", ""1/4 cup grated Parmesan cheese, plus more for serving"", ""4 cups fresh spinach"", ""Salt and freshly ground black pepper to taste"", ""Red pepper flakes (optional)""]","[""Cook pasta according to package directions in salted boiling water until al dente. Before draining, reserve about 1 cup of the starchy pasta water."", ""While pasta cooks, melt butter in a large skillet or pot over medium heat. Add minced garlic and cook for 1 minute until fragrant, being careful not to brown it."", ""Stir in the lemon juice and 1/2 cup of the reserved pasta water. Bring to a gentle simmer."", ""Drain the pasta and add it directly to the skillet with the sauce. Add the Parmesan cheese and fresh spinach."", ""Toss everything together, allowing the spinach to wilt and the sauce to emulsify. If the sauce seems too thick, add a little more reserved pasta water, one tablespoon at a time, until desired consistency is reached."", ""Season generously with salt, freshly ground black pepper, and optional red pepper flakes to taste. Serve immediately, garnished with extra Parmesan cheese if desired.""]",https://placehold.co/600x400/E868A7/FFFFFF?text=Lemon+Garlic+Butter+Pasta+with+Spinach,https://www.youtube.com/results?search_query=how+to+make+Lemon+Garlic+Butter+Pasta+with+Spinach
Mediterranean Baked Cod with Cherry Tomatoes and Olives,"A light, flavorful, and healthy seafood dish inspired by the vibrant flavors of the Mediterranean, featuring tender cod baked with sweet cherry tomatoes, briny Kalamata olives, aromatic herbs, and a hint of lemon.","[""4 cod fillets (6 oz each)"", ""1 pint cherry tomatoes, halved"", ""1/2 cup Kalamata olives, pitted and halved"", ""1/4 cup fresh parsley, chopped"", ""2 cloves garlic, minced"", ""2 tbsp olive oil"", ""1 tsp dried oregano"", ""1/2 tsp dried basil"", ""Juice of 1/2 lemon"", ""Salt to taste"", ""Black pepper to taste"", ""Optional: Fresh dill or crumbled feta cheese for garnish""]","[""Preheat oven to 400\u00b0F (200\u00b0C)."", ""Lightly grease a baking dish or line with parchment paper."", ""In a medium bowl, combine halved cherry tomatoes, halved Kalamata olives, minced garlic, olive oil, dried oregano, dried basil, salt, and black pepper. Stir well to combine."", ""Place the cod fillets in the prepared baking dish. Season the cod lightly with salt and pepper."", ""Spoon the tomato and olive mixture evenly over and around the cod fillets."", ""Bake for 12-15 minutes, or until the cod is opaque and flakes easily with a fork. Cooking time may vary depending on the thickness of the fillets."", ""Remove from oven. Squeeze fresh lemon juice over the baked fish and vegetables."", ""Garnish with fresh chopped parsley (and optional dill or crumbled feta cheese) before serving. Serve immediately, perhaps with a side of quinoa or crusty bread.""]",https://placehold.co/600x400/E868A7/FFFFFF?text=Mediterranean+Baked+Cod+with+Cherry+Tomatoes+and+Olives,https://www.youtube.com/results?search_query=how+to+make+Mediterranean+Baked+Cod+with+Cherry+Tomatoes+and+Olives
Lemon Herb Baked Cod with Mediterranean Vegetables,"A light, flavorful, and healthy seafood dish featuring flaky cod baked with cherry tomatoes, Kalamata olives, fresh herbs, and a zesty lemon dressing, inspired by the vibrant flavors of the Mediterranean. Perfect for a weeknight dinner or a casual dinner party.","[""2 cod fillets (about 6 oz each)"", ""1 pint cherry tomatoes, halved"", ""1/2 cup Kalamata olives, pitted and halved"", ""1/4 cup fresh parsley, chopped"", ""2 tablespoons fresh oregano, chopped (or 1 tsp dried)"", ""3 tablespoons olive oil"", ""2 cloves garlic, minced"", ""1 lemon, juiced and zested"", ""Salt to taste"", ""Black pepper to taste""]","[""Preheat oven to 400\u00b0F (200\u00b0C)."", ""In a large baking dish, combine the halved cherry tomatoes, halved Kalamata olives, chopped parsley, and chopped oregano."", ""In a small bowl, whisk together the olive oil, minced garlic, lemon juice, and lemon zest. Season with salt and pepper."", ""Pour half of the lemon-herb dressing over the vegetables in the baking dish and toss to coat. Spread the vegetables evenly."", ""Pat the cod fillets dry and place them on top of the vegetables in the baking dish."", ""Pour the remaining lemon-herb dressing over the cod fillets."", ""Bake for 12-15 minutes, or until the cod is opaque and flakes easily with a fork. Cooking time may vary depending on the thickness of the fillets."", ""Serve immediately, perhaps with a side of quinoa or a light green salad.""]",https://placehold.co/600x400/E868A7/FFFFFF?text=Lemon+Herb+Baked+Cod+with+Mediterranean+Vegetables,https://www.youtube.com/results?search_query=how+to+make+Lemon+Herb+Baked+Cod+with+Mediterranean+Vegetables
Lemon Garlic Parmesan Pasta with Spinach,"A bright, zesty, and incredibly simple pasta dish perfect for a quick weeknight meal. It's packed with flavor from fresh lemon, garlic, and Parmesan, with a hint of green from the spinach.","[""8 oz spaghetti or linguine"", ""2 tbsp olive oil"", ""4 cloves garlic, minced"", ""1/2 cup vegetable or chicken broth"", ""Juice of 1 large lemon"", ""1/2 cup grated Parmesan cheese, plus more for serving"", ""4 cups fresh spinach"", ""Salt and black pepper to taste"", ""Red pepper flakes (optional, for a kick)""]","[""Cook pasta according to package directions until al dente. Reserve 1/2 cup of pasta water before draining."", ""While pasta cooks, heat olive oil in a large skillet or pot over medium heat. Add minced garlic and saut\u00e9 for 1-2 minutes until fragrant, being careful not to burn it."", ""Pour in vegetable or chicken broth and lemon juice. Bring to a gentle simmer and cook for 2 minutes."", ""Add the cooked and drained pasta to the skillet. Stir in the Parmesan cheese until it melts and creates a light sauce. If the sauce is too thick, add a splash of the reserved pasta water."", ""Add the fresh spinach to the skillet, stirring until it wilts, about 1-2 minutes."", ""Season with salt, black pepper, and optional red pepper flakes to taste. Toss everything together until well combined."", ""Serve immediately, garnished with extra Parmesan cheese if desired.""]",https://placehold.co/600x400/E868A7/FFFFFF?text=Lemon+Garlic+Parmesan+Pasta+with+Spinach,https://www.youtube.com/results?search_query=how+to+make+Lemon+Garlic+Parmesan+Pasta+with+Spinach
Mediterranean Baked Cod with Cherry Tomatoes and Olives,"A light and flavorful seafood dish featuring flaky cod baked with sweet cherry tomatoes, briny Kalamata olives, aromatic garlic, and fresh herbs, all drizzled with olive oil. It's simple, healthy, and captures the essence of Mediterranean flavors.","[""4 (6 oz) cod fillets, about 1 inch thick"", ""1 pint cherry tomatoes, halved"", ""1/2 cup Kalamata olives, pitted and halved"", ""4 cloves garlic, thinly sliced"", ""2 tablespoons extra virgin olive oil"", ""1 teaspoon dried oregano"", ""1/2 teaspoon dried thyme"", ""Salt and freshly ground black pepper to taste"", ""1/4 cup fresh parsley, chopped (for garnish)"", ""Lemon wedges, for serving""]","[""Preheat oven to 400\u00b0F (200\u00b0C)."", ""In a large baking dish or rimmed baking sheet, combine the halved cherry tomatoes, halved Kalamata olives, and sliced garlic."", ""Drizzle the vegetable mixture with 1 tablespoon of olive oil, then sprinkle with dried oregano, dried thyme, salt, and pepper. Toss gently to combine."", ""Bake for 10 minutes to allow the tomatoes to soften and release their juices."", ""Remove the baking dish from the oven. Arrange the cod fillets among the vegetables, making sure they are nestled in the tomato and olive mixture."", ""Drizzle the remaining 1 tablespoon of olive oil over the cod fillets. Season the cod with a pinch of salt and pepper."", ""Return the dish to the oven and bake for another 12-15 minutes, or until the cod is opaque and flakes easily with a fork. Cooking time may vary depending on the thickness of the fillets."", ""Garnish with fresh chopped parsley before serving."", ""Serve immediately with lemon wedges on the side.""]",https://placehold.co/600x400/E868A7/FFFFFF?text=Mediterranean+Baked+Cod+with+Cherry+Tomatoes+and+Olives,https://www.youtube.com/results?search_query=how+to+make+Mediterranean+Baked+Cod+with+Cherry+Tomatoes+and+Olives
